word,level,variant
a.m.,base,
a,base,
an,base,
abandon,elective,
ability,base,
able,base,
abnormal,elective,
aboard,elective,
about,base,
above,base,
abroad,base,
absence,elective,
absent,base,
absolutely,required,
absorb,elective,
abstract,elective,
abuse,elective,
academic,elective,
accent,elective,
accept,base,
access,elective,
accident,base,
accommodation,elective,
accompany,elective,
according,base,
(to),base,
account,base,
accurate,elective,
accuse,elective,
ache,base,
achieve,base,
achievement,required,
acid,elective,
acknowledge,elective,
acquire,required,
across,base,
act,base,
action,base,
active,base,
activity,base,
actor,base,
actress,base,
actually,base,
ad,base,
(=advertisement),base,
adapt,required,
adaptation,elective,
add,base,
addict,required,
addition,required,
address,base,
adjust,elective,
administration,elective,
admire,base,
admit,required,
adopt,elective,
adorable,elective,
adult,base,
advance,required,
advantage,base,
adventure,required,
advertise,elective,
advice,base,
advise,base,
advocate,elective,
affair,required,
affect,elective,
afford,base,
afraid,base,
Africa,required,
after,base,
afternoon,base,
afterward,elective,
again,base,
against,base,
age,base,
agency,elective,
agenda,elective,
ago,base,
agree,base,
agreement,required,
agriculture,required,
ahead,base,
AI,base,
(=artificial,base,
intelligence),base,
aid,base,
aim,base,
air,base,
airline,elective,
airport,base,
alarm,base,
alcohol,elective,
alert,elective,
alive,base,
all,base,
allow,base,
almost,base,
alone,base,
along,base,
alongside,elective,
aloud,base,
already,base,
also,base,
alternative,elective,
although,base,
altogether,elective,
always,base,
amateur,elective,
amazing,base,
ambition,elective,
ambitious,elective,
ambulance,elective,
America,required,
among,base,
amount,required,
amuse,elective,
analyse,base,
(analyze),elective,
ancestor,elective,
ancient,base,
and,base,
anger,elective,
angle,elective,
angry,base,
animal,base,
ankle,elective,
anniversary,required,
announce,required,
annoy,elective,
annual,required,
another,base,
answer,base,
ant,base,
Antarctica,elective,
anticipate,elective,
antique,elective,
anxiety,elective,
anxious,required,
any,base,
anybody,base,
anyone,base,
anyhow,elective,
anything,base,
anyway,base,
anywhere,base,
apart,elective,
apartment,base,
apologise,base,
(apologize),required,
app,base,
(=application),base,
apparently,elective,
appeal,elective,
appear,base,
appetite,elective,
applaud,elective,
apple,base,
applicant,elective,
application,required,
apply,required,
appointment,elective,
appreciate,elective,
approach,required,
appropriate,elective,
approve,elective,
arch,elective,
architect,elective,
Arctic,elective,
area,base,
argue,base,
arise,elective,
arm,base,
army,base,
around,base,
arrangement,required,
arrest,elective,
arrive,base,
arrow,elective,
art,base,
article,base,
artificial,elective,
artist,base,
as,base,
ashamed,elective,
Asia,required,
aside,elective,
ask,base,
asleep,base,
aspect,required,
assess,elective,
assign,elective,
assistant,elective,
association,elective,
assume,required,
assumption,elective,
astonish,elective,
astronaut,base,
astronomer,elective,
at,base,
athlete,base,
Atlantic,required,
atmosphere,elective,
attach,required,
attack,base,
attain,elective,
attempt,required,
attend,base,
attention,base,
attitude,required,
attract,required,
audience,required,
aunt,base,
author,required,
authority,required,
automatic,elective,
autonomous,elective,
autumn,base,
available,elective,
average,base,
avoid,base,
awake,base,
award,base,
aware,base,
away,base,
awesome,elective,
awful,base,
awkward,required,
baby,base,
back,base,
background,base,
backward,elective,
bacon,elective,
bacteria,required,
bad,base,
badminton,base,
bag,base,
bakery,elective,
balance,base,
ball,base,
ballet,required,
balloon,base,
bamboo,base,
ban,elective,
banana,base,
band,base,
bank,base,
bar,required,
barbecue,elective,
barely,elective,
bark,elective,
barrier,elective,
base,required,
baseball,base,
basic,base,
basin,elective,
basis,required,
basket,base,
basketball,base,
bat,base,
bath,base,
bathroom,base,
battery,required,
battle,required,
bay,elective,
BCE,base,
(Before,base,
the,base,
Common,base,
Era),elective,
be,base,
"(am,",base,
"are,",base,
is),base,
beach,base,
bean,base,
bear,base,
beard,elective,
beat,base,
beautiful,base,
beauty,elective,
because,base,
become,base,
bed,base,
bedroom,base,
bee,base,
beef,base,
beer,required,
before,base,
begin,base,
behalf,base,
,elective,
behave,base,
behaviour,required,
behind,base,
being,elective,
belief,base,
believe,base,
bell,base,
belong,base,
below,base,
belt,base,
bend,elective,
beneath,required,
benefit,base,
beside,base,
besides,elective,
best,base,
bet,elective,
better,base,
between,base,
beyond,required,
bias,elective,
big,base,
bike,base,
(=bicycle),base,
bill,base,
billion,elective,
bin,base,
biology,base,
bird,base,
birth,base,
birthday,base,
biscuit,base,
bit,base,
bite,required,
bitter,elective,
black,base,
blackboard,base,
blame,elective,
blank,elective,
blanket,elective,
bleed,base,
bless,elective,
blind,base,
block,base,
blog,required,
blood,base,
blouse,base,
blow,base,
blue,base,
board,base,
boat,base,
body,base,
boil,base,
bomb,elective,
bond,elective,
bone,required,
bonus,elective,
book,base,
boost,elective,
boot,required,
border,elective,
bored,required,
boring,base,
born,base,
borrow,base,
boss,base,
botanical,elective,
both,base,
bother,elective,
bottle,base,
bottom,base,
bounce,elective,
bound,elective,
boundary,elective,
bow,elective,
bowl,base,
bowling,elective,
box,base,
boxing,required,
boy,base,
brain,base,
branch,required,
brand,required,
brave,base,
bread,base,
break,base,
breakfast,base,
breast,elective,
breath,base,
breathe,required,
brick,elective,
bride,elective,
bridegroom,elective,
bridge,base,
brief,required,
bright,base,
brilliant,elective,
bring,base,
broad,required,
broadcast,elective,
brochure,required,
brother,base,
brown,base,
brush,base,
budget,base,
buffet,elective,
bug,elective,
build,base,
building,base,
bully,base,
bunch,elective,
burn,base,
burst,required,
bury,elective,
bus,base,
business,base,
busy,base,
but,base,
butcher,elective,
butter,base,
butterfly,base,
button,required,
buy,base,
by,base,
cabbage,base,
café,required,
cafeteria,elective,
cage,elective,
cake,base,
calculate,elective,
calendar,base,
call,base,
calligraphy,elective,
calm,base,
calorie,elective,
camel,elective,
camera,base,
camp,base,
campaign,elective,
campus,required,
can,base,
canal,elective,
cancel,base,
cancer,base,
candidate,elective,
candle,base,
candy,base,
canteen,elective,
cap,base,
capable,required,
capacity,elective,
capital,base,
capsule,elective,
captain,elective,
capture,required,
car,base,
carbon,required,
card,base,
care,base,
career,elective,
careful,base,
careless,base,
carpet,elective,
carrot,base,
carry,base,
cartoon,base,
carve,elective,
case,base,
cash,base,
cast,elective,
castle,elective,
casual,elective,
cat,base,
catch,base,
category,elective,
cattle,required,
cause,base,
cautious,elective,
cave,elective,
CE,base,
(Common,base,
cease,elective,
ceiling,elective,
celebrate,base,
celebrity,elective,
cell,elective,
cent,base,
centimetre,base,
(centimeter),elective,
central,base,
centre,base,
(center),base,
century,base,
ceremony,elective,
certain,base,
certainly,required,
certificate,elective,
chain,required,
chair,base,
chairman,elective,
chairwoman,elective,
chalk,base,
challenge,base,
champion,base,
chance,base,
change,base,
channel,elective,
chaos,elective,
chapter,required,
character,base,
characteristic,base,
charge,required,
charity,base,
charm,required,
chart,elective,
chat,base,
cheap,base,
cheat,base,
check,base,
cheer,base,
cheese,base,
chef,base,
chemical,elective,
chemist,elective,
chemistry,base,
chess,base,
chest,elective,
chew,elective,
chicken,base,
chief,base,
child,base,
childhood,required,
China,required,
Chinese,base,
chip,base,
chocolate,base,
choice,base,
choke,elective,
choose,base,
chopsticks,base,
chore,base,
chorus,elective,
Christmas,base,
church,elective,
cigarette,elective,
cinema,base,
circle,base,
circuit,elective,
circumstance,elective,
circus,elective,
cite,elective,
citizen,base,
city,base,
civil,elective,
civilian,elective,
civilisation,base,
(civilization),elective,
claim,elective,
clap,required,
clarify,elective,
class,base,
classic,base,
classmate,base,
classroom,base,
clay,elective,
clean,base,
clear,base,
clerk,elective,
clever,base,
click,base,
client,elective,
climate,base,
climb,base,
clinic,elective,
clock,base,
clone,elective,
close,base,
cloth,elective,
clothes,base,
cloud,base,
cloudy,base,
club,base,
clue,elective,
coach,base,
coal,required,
coast,base,
coat,base,
coffee,base,
coin,base,
cold,base,
collaborate,required,
collapse,elective,
collar,elective,
collect,base,
collection,required,
college,base,
colour,base,
(color),base,
column,elective,
combine,elective,
come,base,
comedy,elective,
comfort,elective,
comfortable,base,
comic,elective,
command,required,
comment,required,
commercial,elective,
commit,elective,
commitment,elective,
committee,required,
communicate,base,
communication,required,
communist,elective,
community,base,
company,base,
compare,base,
comparison,elective,
compass,required,
compete,base,
competence,elective,
competition,required,
complain,elective,
complete,base,
complex,elective,
complicated,elective,
component,elective,
compose,elective,
composition,elective,
comprehension,elective,
comprehensive,elective,
comprise,elective,
computer,base,
concentrate,required,
concept,elective,
concern,required,
concert,base,
conclude,elective,
conclusion,elective,
concrete,elective,
condition,base,
conduct,required,
conference,required,
confidence,base,
confident,required,
confirm,required,
conflict,elective,
Confucianism,elective,
Confucius,elective,
confused,elective,
congratulation,base,
connect,base,
conscious,elective,
consequence,elective,
conservation,elective,
consider,base,
consist,elective,
consistent,elective,
constant,elective,
constitution,elective,
construction,elective,
consultant,elective,
consultation,elective,
consume,elective,
consumption,elective,
contact,required,
contain,required,
contemporary,elective,
content,required,
contest,elective,
context,required,
continent,required,
continue,base,
contract,elective,
contradictory,elective,
contrary,elective,
contrast,elective,
contribution,required,
control,base,
controversial,elective,
convenient,base,
conventional,elective,
conversation,base,
convey,elective,
convince,elective,
cook,base,
cookie,base,
cool,base,
cooperate,base,
copy,base,
core,elective,
corn,base,
corner,base,
corporate,elective,
correct,base,
correspond,elective,
cost,base,
costume,elective,
cottage,elective,
cotton,base,
cough,base,
could,base,
council,elective,
count,base,
country,base,
countryside,base,
county,required,
couple,base,
courage,base,
course,base,
court,required,
cousin,base,
cover,base,
coverage,elective,
cow,base,
craft,elective,
crash,required,
crazy,base,
cream,elective,
create,base,
creative,base,
creature,elective,
credit,required,
crew,elective,
crime,elective,
crisis,elective,
criterion,elective,
critical,elective,
criticise,base,
(criticize),elective,
crop,elective,
cross,base,
crowd,required,
crowded,base,
crucial,elective,
cruel,elective,
cry,base,
cucumber,base,
cuisine,elective,
culture,base,
cup,base,
cupboard,elective,
cure,required,
curious,base,
currency,elective,
current,required,
curtain,elective,
curve,required,
custom,required,
customer,base,
cut,base,
cute,base,
cycle,elective,
daily,base,
dam,required,
damage,elective,
damp,elective,
dance,base,
danger,base,
dangerous,base,
dare,elective,
dark,base,
data,required,
database,elective,
date,base,
daughter,base,
dawn,required,
day,base,
dead,base,
deadline,elective,
deaf,base,
deal,base,
dear,base,
death,base,
debate,elective,
debt,elective,
decade,elective,
decent,elective,
decide,base,
decision,required,
declare,required,
decline,elective,
decorate,required,
decrease,elective,
dedicate,elective,
deep,base,
deer,required,
defeat,elective,
defence,required,
defend,elective,
definitely,required,
definition,elective,
degree,base,
delay,elective,
delete,elective,
delicate,elective,
delicious,base,
delight,required,
deliver,required,
demand,elective,
demonstrate,elective,
dentist,base,
deny,elective,
department,elective,
departure,elective,
depend,base,
depress,elective,
depth,elective,
describe,base,
description,required,
desert,base,
deserve,elective,
design,base,
desire,required,
desk,base,
desperate,elective,
despite,required,
dessert,elective,
destination,required,
destroy,required,
detail,required,
detect,elective,
detective,elective,
determine,required,
develop,base,
development,required,
device,elective,
devote,elective,
diagram,required,
dialogue,base,
(dialog),base,
diamond,elective,
diary,base,
dictionary,base,
die,base,
diet,base,
differ,elective,
difference,base,
different,base,
difficult,base,
difficulty,required,
dig,base,
digest,elective,
digital,base,
dignity,elective,
dimension,elective,
dining,base,
dinner,base,
dinosaur,required,
direct,base,
direction,required,
director,base,
directory,elective,
dirty,base,
disability,elective,
disabled,elective,
disappear,required,
disappoint,base,
disappointed,elective,
disaster,base,
discipline,elective,
discount,elective,
discover,base,
discovery,required,
discrimination,elective,
discuss,base,
discussion,required,
disease,base,
dish,base,
disc,base,
(disk),elective,
dismiss,elective,
display,elective,
distance,required,
distant,elective,
distinct,elective,
distinguish,elective,
distribution,elective,
district,elective,
disturb,elective,
dive,elective,
diverse,elective,
divide,base,
division,elective,
dizzy,elective,
do,base,
doctor,base,
document,required,
dog,base,
doll,base,
dollar,base,
dolphin,required,
domain,elective,
domestic,elective,
dominate,elective,
donate,base,
door,base,
dormitory,elective,
double,base,
doubt,base,
down,base,
download,base,
downstairs,required,
downtown,required,
dozen,elective,
draft,elective,
drag,elective,
dragon,base,
drama,base,
dramatic,elective,
draw,base,
drawer,elective,
dream,base,
dress,base,
drill,elective,
drink,base,
drive,base,
driver,base,
drone,required,
drop,base,
drought,required,
drown,required,
drug,elective,
dry,base,
duck,base,
due,base,
to,required,
dumpling,base,
duration,elective,
during,base,
dust,elective,
duty,base,
dynamic,elective,
dynasty,elective,
each,base,
eager,required,
eagle,base,
ear,base,
early,base,
earn,required,
earth,base,
earthquake,base,
ease,elective,
east,base,
eastern,required,
easy,base,
eat,base,
ecology,elective,
economic,elective,
economy,required,
edge,elective,
editor,required,
education,base,
educator,elective,
effect,base,
efficient,elective,
effort,base,
egg,base,
either,base,
elder,base,
elderly,elective,
election,elective,
electric,base,
electricity,required,
electronic,base,
elegant,elective,
element,required,
elephant,base,
elevator,required,
eliminate,elective,
else,base,
elsewhere,elective,
email,base,
embarrassed,elective,
emerge,elective,
emergency,base,
emotion,elective,
empathy,elective,
emperor,base,
empress,base,
emphasis,elective,
employ,elective,
empty,base,
enable,required,
encounter,elective,
encourage,base,
end,base,
endangered,elective,
enemy,base,
energetic,base,
energy,base,
engage,elective,
engine,required,
engineer,base,
English,base,
enhance,elective,
enjoy,base,
enormous,elective,
enough,base,
ensure,required,
enter,base,
enterprise,elective,
entertainment,elective,
enthusiastic,elective,
entirely,required,
entitle,elective,
entrance,required,
entry,elective,
envelope,required,
environment,base,
envy,elective,
episode,elective,
equal,required,
equator,elective,
equipment,required,
era,base,
eraser,base,
error,required,
erupt,required,
escape,required,
especially,base,
essay,elective,
essential,elective,
establish,required,
estate,elective,
estimate,elective,
ethical,elective,
ethnic,elective,
Europe,required,
evaluate,elective,
eve,required,
even,base,
evening,base,
event,base,
eventually,required,
ever,base,
every,base,
everybody,base,
everyone,base,
everyday,base,
everything,base,
everywhere,base,
evidence,elective,
evolve,elective,
exactly,base,
exam,base,
(=examination),base,
examine,elective,
example,base,
exceed,elective,
excellent,base,
except,base,
exceptional,elective,
exchange,required,
excited,base,
exciting,base,
excuse,base,
exercise,base,
exhaust,elective,
exhibition,elective,
exist,required,
exit,required,
expand,elective,
expansion,elective,
expect,base,
expectation,elective,
expense,elective,
expensive,base,
experience,base,
experiment,required,
expert,base,
explain,base,
explode,elective,
explore,base,
export,required,
expose,elective,
exposure,elective,
express,base,
extend,elective,
extension,elective,
extent,required,
external,required,
extinction,required,
extra,required,
extraordinary,elective,
extremely,required,
eye,base,
fable,required,
fabric,elective,
face,base,
facilitate,elective,
facility,required,
fact,base,
factor,required,
factory,base,
fail,base,
failure,required,
faint,elective,
fair,base,
faith,elective,
fall,base,
false,base,
familiar,base,
family,base,
famous,base,
fan,base,
fancy,required,
fantastic,base,
fantasy,elective,
far,base,
farm,base,
farmer,base,
fascinating,elective,
fashion,base,
fast,base,
fat,base,
father,base,
(dad),base,
fault,elective,
favour,base,
(favor),elective,
favourite,base,
(favorite),base,
fear,base,
feature,required,
fee,elective,
feed,base,
feel,base,
feeling,base,
fellow,elective,
female,required,
fence,elective,
fertile,required,
festival,base,
fetch,elective,
fever,base,
few,base,
fibre,elective,
fiction,elective,
field,base,
fight,base,
figure,required,
file,required,
fill,base,
film,base,
final,base,
finally,required,
finance,elective,
financial,elective,
find,base,
finding,elective,
fine,base,
finger,base,
finish,base,
fire,base,
fireman,base,
firework,base,
firm,elective,
fish,base,
fisherman,required,
fist,elective,
fit,base,
fix,base,
flag,base,
flame,elective,
flash,required,
flat,base,
flavour,base,
(flavor),elective,
flexible,required,
flight,required,
float,required,
flood,base,
floor,base,
flour,elective,
flow,elective,
flower,base,
flu,base,
fluent,elective,
fly,base,
focus,base,
fog,base,
fold,elective,
folk,base,
follow,base,
fond,elective,
food,base,
fool,base,
foot,base,
football,base,
for,base,
force,base,
forecast,elective,
forehead,elective,
foreign,base,
forest,base,
forever,base,
forget,base,
forgive,elective,
fork,base,
form,base,
formal,required,
format,elective,
former,required,
fortunately,required,
fortune,required,
forward,base,
found,base,
foundation,elective,
fountain,elective,
fox,base,
frame,elective,
frank,required,
free,base,
freedom,elective,
freeze,base,
frequency,elective,
frequently,required,
fresh,base,
friction,elective,
fridge,base,
(=refrigerator),base,
friend,base,
friendly,base,
friendship,base,
frightened,required,
frog,elective,
from,base,
front,base,
frontier,elective,
frost,elective,
fruit,base,
fry,elective,
fuel,elective,
fulfil,elective,
full,base,
fun,base,
function,required,
fund,required,
fundamental,elective,
funny,base,
furniture,elective,
further,required,
furthermore,required,
future,base,
gain,elective,
gallery,elective,
game,base,
gap,required,
garbage,elective,
garden,base,
garlic,elective,
gas,base,
gate,base,
gather,required,
gender,elective,
gene,elective,
general,base,
generate,elective,
generation,required,
generous,required,
genius,elective,
gentle,elective,
gentleman,base,
genuine,elective,
geography,base,
geometry,elective,
gesture,required,
get,base,
giant,required,
gift,base,
gifted,elective,
giraffe,base,
girl,base,
give,base,
glad,base,
glance,elective,
glass,base,
global,required,
globe,elective,
glove,base,
glue,base,
go,base,
goal,base,
goat,elective,
god,base,
gold,base,
golf,elective,
good,base,
goodbye,base,
(bye),base,
goods,required,
government,base,
grab,elective,
graceful,elective,
grade,base,
gradually,elective,
graduate,base,
grain,elective,
grammar,base,
gramme,base,
(gram),elective,
grand,elective,
granddaughter,required,
grandfather,base,
(grandpa),base,
grandmother,base,
(grandma),base,
grandparent,required,
grandson,required,
grape,base,
grasp,elective,
grass,base,
grateful,elective,
gratitude,elective,
gravity,elective,
great,base,
greedy,elective,
green,base,
greenhouse,required,
greet,base,
grey,base,
(gray),base,
grocery,elective,
ground,base,
group,base,
grow,base,
guarantee,elective,
guard,base,
guess,base,
guest,base,
guidance,elective,
guide,base,
guideline,required,
guilty,elective,
guitar,base,
gun,base,
guy,required,
gym,base,
(=gymnasium),base,
gymnastics,required,
habit,base,
habitat,elective,
hair,base,
half,base,
hall,base,
ham,elective,
hamburger,base,
hand,base,
handbag,required,
handkerchief,elective,
handle,elective,
handsome,base,
handwriting,elective,
hang,base,
happen,base,
happy,base,
hard,base,
hardly,base,
harm,base,
harmful,required,
harmonious,elective,
harmony,elective,
harvest,elective,
hat,base,
hatch,elective,
hate,base,
have,base,
(has),base,
he,base,
head,base,
headache,required,
headline,required,
health,base,
healthy,base,
hear,base,
heart,base,
heat,base,
heavy,base,
height,base,
helicopter,required,
hello,base,
help,base,
helpful,base,
hen,base,
hence,elective,
her,base,
herb,elective,
here,base,
heritage,required,
hero,base,
hers,base,
herself,base,
hesitate,required,
hi,base,
hide,base,
high,base,
highlight,elective,
highway,required,
hike,base,
hill,base,
him,base,
himself,base,
hire,elective,
his,base,
historic,elective,
history,base,
hit,base,
hobby,base,
hold,base,
hole,base,
holiday,base,
home,base,
hometown,base,
homework,base,
honest,base,
honey,base,
honour,base,
(honor),base,
hope,base,
horrible,required,
horror,required,
horse,base,
hospital,base,
host,base,
hostess,base,
hot,base,
hotel,base,
hour,base,
house,base,
household,elective,
housework,base,
housing,elective,
how,base,
however,base,
hug,base,
huge,base,
human,base,
humanity,elective,
humble,elective,
humour,base,
(humor),base,
humourous,required,
hungry,base,
hunt,base,
hurricane,required,
hurry,base,
hurt,base,
husband,base,
hybrid,elective,
hydrogen,elective,
ice,base,
idea,base,
ideal,elective,
identical,elective,
identify,elective,
identity,required,
idiom,elective,
if,base,
ignore,required,
ill,base,
illegal,elective,
illness,base,
illustrate,required,
image,required,
imagine,base,
immediately,required,
impact,required,
imply,elective,
import,required,
important,base,
impossible,base,
impress,elective,
impression,required,
improve,base,
in,base,
inch,elective,
incident,elective,
include,base,
income,required,
increase,base,
incredible,elective,
indeed,required,
independent,required,
indicate,required,
individual,required,
industry,base,
infection,elective,
infer,elective,
influence,base,
influential,elective,
information,base,
ingredient,required,
initial,elective,
initiative,elective,
injury,elective,
ink,required,
inner,elective,
innocent,elective,
innovation,elective,
input,elective,
inquire,elective,
insect,base,
inside,base,
insight,elective,
insist,elective,
inspection,elective,
inspire,required,
instance,elective,
instant,elective,
instead,base,
institute,elective,
institution,elective,
instruction,base,
instrument,base,
insurance,elective,
integrate,elective,
integrity,elective,
intellectual,elective,
intelligent,required,
intend,required,
intense,elective,
intention,elective,
interaction,elective,
interest,base,
interesting,base,
internal,elective,
international,base,
internet,base,
interpret,elective,
interrupt,elective,
intervention,elective,
interview,base,
into,base,
introduce,base,
introduction,required,
invent,base,
invention,required,
invest,required,
investigate,elective,
investment,elective,
invite,base,
involve,elective,
iron,elective,
irrigation,required,
island,base,
issue,required,
it,base,
item,elective,
its,base,
itself,base,
jacket,base,
jam,elective,
jaw,elective,
jazz,elective,
jeans,base,
job,base,
jog,base,
join,base,
joint,elective,
joke,base,
journal,required,
journalist,elective,
journey,base,
joy,base,
judge,base,
juice,base,
jump,base,
jungle,elective,
junior,base,
just,base,
justice,required,
justify,elective,
kangaroo,required,
keen,required,
keep,base,
kettle,elective,
key,base,
keyboard,base,
kick,base,
kid,base,
kill,base,
kilo,base,
(=kilogram),base,
kilometre,base,
(kilometer),base,
kind,base,
kindergarten,elective,
king,base,
kingdom,elective,
kiss,base,
kit,elective,
kitchen,base,
kite,base,
knee,base,
knife,base,
knock,base,
know,base,
knowledge,base,
kung,base,
fu,base,
lab,base,
(=laboratory),base,
label,elective,
labour,base,
(labor),elective,
lack,elective,
lady,base,
lake,base,
lamb,elective,
lamp,base,
land,base,
landscape,base,
language,base,
lantern,base,
lap,required,
laptop,base,
large,base,
last,base,
late,base,
later,base,
laugh,base,
launch,elective,
law,base,
lawyer,base,
lay,base,
lazy,base,
lead,base,
leader,required,
leadership,elective,
leaf,base,
league,elective,
leak,elective,
lean,required,
leap,elective,
learn,base,
least,base,
leather,elective,
leave,base,
lecture,required,
left,base,
leg,base,
legal,elective,
legend,elective,
leisure,elective,
lemon,base,
lend,base,
length,required,
less,base,
lesson,base,
let,base,
letter,base,
level,base,
liberation,elective,
liberty,elective,
librarian,elective,
library,base,
license,elective,
lie,base,
life,base,
lifestyle,required,
lift,base,
light,base,
lightning,base,
like,base,
likely,base,
limit,elective,
limited,required,
line,base,
link,elective,
lion,base,
lip,required,
liquid,elective,
list,base,
listen,base,
literally,elective,
literary,elective,
literature,base,
litter,base,
little,base,
live,base,
lively,base,
livestock,required,
living,required,
load,elective,
loan,elective,
local,base,
location,required,
lock,base,
log,elective,
logical,elective,
lonely,base,
long,base,
look,base,
loose,elective,
lose,base,
loss,base,
lost,base,
lot,base,
loud,base,
love,base,
lovely,base,
low,base,
lower,elective,
loyal,elective,
luck,base,
lucky,required,
lunar,elective,
lunch,base,
lung,elective,
luxury,elective,
machine,base,
mad,base,
madam,base,
magazine,base,
magic,base,
magnificent,elective,
mail,elective,
main,base,
maintain,required,
major,required,
majority,required,
make,base,
male,required,
mall,base,
man,base,
manage,base,
manager,required,
mankind,elective,
manner,base,
many,base,
map,base,
marathon,elective,
march,required,
marine,elective,
mark,base,
market,base,
marriage,required,
marry,base,
mass,required,
massive,elective,
master,base,
match,base,
material,base,
maths,base,
"(=mathematics,",base,
math),base,
matter,base,
mature,elective,
maximum,elective,
may,base,
maybe,base,
me,base,
meal,base,
mean,base,
meaning,base,
means,elective,
meanwhile,elective,
measure,required,
meat,base,
mechanic,elective,
medal,base,
medical,base,
medicine,base,
medium,base,
meet,base,
meeting,base,
member,base,
membership,elective,
memorial,elective,
memory,required,
mental,required,
mention,base,
menu,base,
mercy,elective,
merely,elective,
merry,required,
mess,base,
message,base,
metal,required,
metaphor,elective,
method,base,
metre,base,
(meter),base,
microscope,elective,
middle,base,
midnight,required,
might,base,
migration,elective,
mild,elective,
mile,base,
military,required,
milk,base,
millimetre,base,
(millimeter),elective,
million,required,
mind,base,
mine,base,
mineral,elective,
minimum,elective,
minister,elective,
minor,elective,
minority,elective,
minute,base,
miracle,elective,
mirror,base,
Miss,base,
missile,elective,
missing,required,
mission,elective,
mist,elective,
mistake,base,
mix,base,
mixture,elective,
mobile,base,
phone,required,
mode,elective,
model,base,
modern,base,
modernization,required,
modest,required,
modify,elective,
moment,base,
money,base,
monitor,elective,
monkey,base,
month,base,
monthly,elective,
monument,required,
mood,elective,
moon,base,
moral,elective,
more,base,
moreover,required,
morning,base,
mosquito,elective,
most,base,
mostly,elective,
mother,base,
"(mum,",base,
mom),base,
motion,elective,
motivate,elective,
motive,elective,
motor,elective,
mount,elective,
mountain,base,
mouse,base,
mouth,base,
move,base,
movement,required,
movie,base,
Mr,base,
(Mr.),base,
Mrs,base,
(Mrs.),base,
Ms,base,
(Ms.),base,
much,base,
mud,elective,
multiple,elective,
murder,elective,
muscle,elective,
museum,base,
mushroom,elective,
music,base,
musician,required,
must,base,
mutton,base,
mutual,elective,
my,base,
myself,base,
mystery,required,
myth,elective,
nail,elective,
name,base,
narrow,base,
nation,base,
national,required,
nationality,required,
native,elective,
natural,required,
nature,base,
navy,elective,
near,base,
nearby,required,
nearly,base,
neat,required,
necessary,base,
neck,base,
need,base,
needle,elective,
negative,base,
negotiate,elective,
neighbour,base,
(neighbor),base,
neighbourhood,base,
(neighborhood),elective,
neither,base,
nephew,elective,
nervous,base,
nest,elective,
net,elective,
network,elective,
neutral,elective,
never,base,
nevertheless,elective,
new,base,
news,base,
newspaper,base,
next,base,
nice,base,
niece,elective,
night,base,
no,base,
noble,elective,
nobody,base,
nod,base,
noise,base,
noisy,required,
none,base,
noodle,base,
noon,base,
nor,base,
normal,base,
north,base,
northern,required,
nose,base,
not,base,
note,base,
notebook,base,
nothing,base,
notice,base,
novel,base,
novelist,elective,
now,base,
nowadays,required,
nowhere,required,
nuclear,elective,
number,base,
numerous,required,
nurse,base,
nut,required,
nutrition,elective,
obey,required,
object,base,
objective,elective,
observe,required,
obstacle,elective,
obtain,elective,
obviously,required,
occasion,required,
occupation,elective,
occupy,elective,
occur,required,
ocean,base,
o’clock,base,
odd,required,
of,base,
off,base,
offend,required,
offer,base,
office,base,
officer,base,
official,required,
often,base,
oil,base,
OK,base,
old,base,
Olympic,base,
on,base,
once,base,
onion,base,
online,base,
only,base,
onto,required,
open,base,
opera,base,
operate,base,
operation,required,
operator,elective,
opinion,base,
opponent,elective,
opportunity,required,
oppose,elective,
opposite,base,
optimistic,elective,
option,required,
or,base,
orange,base,
orbit,elective,
orchestra,elective,
order,base,
ordinary,required,
organ,elective,
organic,elective,
organisation,base,
(organization),required,
organise,base,
(organize),base,
origin,elective,
original,required,
other,base,
otherwise,required,
ought,base,
our,base,
ours,base,
ourselves,base,
out,base,
outcome,elective,
outgoing,elective,
outline,elective,
output,elective,
outside,base,
outstanding,elective,
oven,base,
over,base,
overall,elective,
overcome,elective,
overseas,required,
owe,elective,
own,base,
oxygen,required,
pace,elective,
Pacific,required,
pack,base,
package,required,
packet,base,
page,base,
pagoda,required,
pain,base,
paint,base,
pair,base,
palace,base,
pale,base,
pan,elective,
pancake,base,
panda,base,
panel,elective,
panic,elective,
pants,required,
paper,base,
paragraph,base,
parcel,elective,
pardon,base,
parent,base,
park,base,
parking,elective,
part,base,
participate,elective,
particular,required,
partner,base,
party,base,
pass,base,
passage,base,
passenger,base,
passion,elective,
passive,required,
passport,base,
past,base,
patent,elective,
path,required,
patience,elective,
patient,base,
patriotism,required,
pattern,required,
pay,base,
PE,base,
(=physical,base,
education),base,
peace,base,
peak,elective,
pear,base,
pen,base,
pencil,base,
penguin,base,
people,base,
pepper,base,
per,required,
(percent),base,
perceive,elective,
percentage,required,
perfect,base,
perform,base,
performance,required,
perhaps,base,
period,base,
permanent,elective,
permit,required,
person,base,
personal,base,
personality,required,
perspective,elective,
persuade,elective,
pessimistic,elective,
pet,base,
petrol,required,
phase,elective,
phenomenon,elective,
philosophy,elective,
photo,base,
(=photograph),base,
photographer,elective,
phrase,elective,
physician,elective,
physics,base,
piano,base,
pick,base,
picnic,base,
picture,base,
pie,base,
piece,base,
pig,base,
pile,required,
pill,base,
pilot,base,
ping-pong,base,
pink,base,
pioneer,base,
pipe,elective,
pity,base,
pizza,base,
place,base,
plain,elective,
plan,base,
plane,base,
planet,base,
plant,base,
plastic,base,
plate,base,
platform,elective,
play,base,
player,required,
playground,base,
pleasant,elective,
please,base,
pleasure,base,
plenty,base,
plot,elective,
plug,elective,
plus,required,
p.m.,base,
pocket,base,
poem,base,
poet,base,
poetry,required,
point,base,
poison,required,
polar,elective,
pole,required,
police,base,
policeman,base,
policewoman,base,
policy,required,
polish,elective,
polite,base,
political,elective,
politician,elective,
politics,elective,
pollute,base,
pollution,required,
pond,elective,
pool,base,
poor,base,
popular,base,
population,base,
pork,base,
porridge,base,
port,required,
portrait,required,
pose,elective,
position,base,
positive,base,
possession,elective,
possible,base,
post,base,
postcard,base,
poster,required,
postman,base,
postpone,required,
pot,base,
potato,base,
potential,elective,
pound,base,
pour,base,
poverty,required,
power,base,
practical,elective,
practise,base,
(practice),base,
praise,base,
pray,elective,
precious,elective,
precisely,elective,
predict,elective,
prefer,base,
preference,elective,
prejudice,elective,
premier,elective,
prepare,base,
present,base,
presentation,elective,
preserve,elective,
president,base,
press,base,
pressure,base,
pretend,elective,
pretty,base,
prevent,required,
previous,required,
price,base,
pride,base,
primary,base,
primitive,elective,
prince,base,
princess,base,
principal,elective,
principle,elective,
print,base,
prior,elective,
priority,elective,
prison,elective,
private,base,
prize,base,
probably,base,
problem,base,
procedure,required,
proceed,elective,
process,required,
produce,base,
product,base,
profession,elective,
professional,required,
professor,elective,
profile,elective,
profit,required,
programme,base,
(program),base,
progress,base,
prohibit,elective,
project,base,
promise,base,
promote,elective,
pronounce,base,
pronunciation,required,
proof,elective,
proper,base,
property,elective,
proportion,elective,
proposal,required,
prospect,elective,
prosperity,elective,
protect,base,
protein,elective,
protest,required,
proud,base,
prove,base,
provide,base,
province,required,
psychology,elective,
pub,elective,
public,base,
publish,base,
pudding,required,
pull,base,
punish,base,
purchase,elective,
pure,elective,
purple,base,
purpose,base,
purse,elective,
pursue,elective,
push,base,
put,base,
puzzle,elective,
pyramid,required,
qualification,elective,
qualify,elective,
quality,base,
quantity,elective,
quarter,base,
queen,base,
question,base,
quick,base,
quiet,base,
quit,required,
quite,base,
quote,elective,
rabbit,base,
race,base,
racial,elective,
radiation,elective,
radio,base,
radium,elective,
railway,base,
rain,base,
rainbow,base,
rainy,required,
raise,base,
random,elective,
range,required,
rank,elective,
rapid,base,
rare,elective,
rate,required,
rather,base,
rating,elective,
raw,elective,
ray,elective,
reach,base,
react,elective,
reaction,required,
read,base,
ready,base,
real,base,
realise,base,
(realize),base,
realistic,elective,
reality,elective,
really,base,
reason,base,
recall,elective,
receipt,elective,
receive,base,
recent,base,
recently,required,
receptionist,elective,
recipe,elective,
recite,elective,
recognise,base,
(recognize),base,
recognition,elective,
recommend,base,
record,base,
recording,elective,
recover,required,
recreation,elective,
recycle,base,
red,base,
reduce,base,
refer,required,
reference,elective,
reflect,required,
reform,elective,
refresh,elective,
refuse,base,
regard,required,
regardless,elective,
region,required,
register,elective,
regret,base,
regular,required,
reinforce,elective,
reject,elective,
rejuvenate,elective,
relate,elective,
relationship,base,
relative,base,
relax,base,
relay,elective,
release,elective,
relevant,elective,
reliable,elective,
relief,required,
relieve,required,
religion,required,
rely,elective,
remain,base,
remarkable,elective,
remember,base,
remind,base,
remote,elective,
remove,required,
rent,elective,
repair,base,
repeat,base,
replace,required,
reply,base,
report,base,
represent,required,
representative,elective,
republic,required,
reputation,elective,
request,required,
require,base,
rescue,elective,
research,base,
reserve,elective,
resident,elective,
resign,elective,
resistance,elective,
resolution,elective,
resolve,elective,
resource,required,
respect,base,
respective,elective,
respond,required,
response,required,
responsibility,elective,
responsible,base,
rest,base,
restaurant,base,
restore,elective,
restrict,elective,
result,base,
retire,required,
return,base,
reveal,required,
review,base,
revise,required,
revolution,required,
reward,elective,
rhyme,elective,
rhythm,required,
rice,base,
rich,base,
riddle,elective,
ride,base,
right,base,
rigid,elective,
ring,base,
ripe,elective,
rise,base,
risk,base,
rival,elective,
river,base,
road,base,
roast,elective,
robot,base,
rock,base,
rocket,base,
role,base,
roll,required,
romantic,required,
roof,elective,
room,base,
root,elective,
rope,base,
rose,base,
rough,elective,
round,base,
route,elective,
routine,elective,
row,base,
royal,elective,
rubber,elective,
rubbish,base,
rude,elective,
rugby,elective,
ruin,elective,
rule,base,
ruler,base,
run,base,
rural,elective,
rush,base,
sacrifice,elective,
sad,base,
safe,base,
safety,base,
sail,elective,
salad,base,
salary,elective,
sale,base,
salesman,elective,
saleswoman,elective,
salt,base,
salty,elective,
same,base,
sample,elective,
sand,base,
sandwich,base,
satellite,elective,
satisfaction,required,
satisfy,base,
sauce,required,
saucer,elective,
sausage,elective,
save,base,
saving,elective,
say,base,
saying,elective,
scale,required,
scan,required,
scare,base,
scarf,base,
scene,required,
schedule,required,
scholarship,elective,
school,base,
schoolbag,base,
science,base,
scientific,elective,
scientist,base,
scissors,base,
score,base,
scream,elective,
screen,base,
sculpture,elective,
sea,base,
search,base,
season,base,
seat,base,
secondary,elective,
secret,base,
secretary,required,
section,required,
secure,elective,
security,elective,
see,base,
seed,elective,
seek,required,
seem,base,
seize,elective,
seldom,base,
select,required,
selfish,elective,
sell,base,
semester,elective,
send,base,
senior,required,
sense,base,
sensitive,elective,
sentence,base,
separate,base,
series,required,
serious,base,
servant,elective,
serve,base,
service,base,
session,elective,
set,base,
setting,elective,
settle,required,
several,base,
severe,elective,
sew,elective,
sex,required,
shade,elective,
shadow,elective,
shake,base,
shall,base,
shallow,required,
shame,base,
shape,base,
share,base,
shark,base,
sharp,required,
shave,elective,
she,base,
sheep,base,
sheet,required,
shelf,base,
shell,elective,
shelter,elective,
shift,elective,
shine,base,
ship,base,
shirt,base,
shock,base,
shoe,base,
shoot,base,
shop,base,
shore,elective,
short,base,
shortage,elective,
shorts,base,
should,base,
shoulder,base,
shout,base,
show,base,
shower,base,
shut,base,
shy,base,
sick,base,
side,base,
sigh,required,
sight,required,
sign,base,
signal,required,
significant,required,
silence,required,
silent,base,
silk,base,
silly,base,
silver,base,
similar,base,
simple,base,
since,base,
sincerely,elective,
sing,base,
single,base,
sink,elective,
sir,base,
sister,base,
sit,base,
site,required,
situation,base,
size,base,
skate,base,
skateboard,elective,
ski,base,
skill,base,
skin,required,
skip,elective,
skirt,base,
sky,base,
slave,required,
sleep,base,
sleepy,required,
slice,elective,
slide,required,
slightly,required,
slim,base,
slip,elective,
slow,base,
small,base,
smart,base,
smell,base,
smile,base,
smog,required,
smoke,base,
smooth,base,
snack,base,
snake,base,
sneeze,elective,
snow,base,
snowy,required,
so,base,
soccer,required,
social,base,
socialism,base,
socialist,elective,
society,base,
sock,base,
sofa,base,
soft,base,
software,required,
soil,base,
solar,elective,
soldier,base,
solid,elective,
solution,required,
solve,base,
some,base,
somebody,base,
someone,base,
somehow,required,
something,base,
sometimes,base,
somewhat,elective,
somewhere,base,
son,base,
song,base,
soon,base,
sore,base,
sorrow,elective,
sorry,base,
sort,required,
soul,elective,
sound,base,
soup,base,
sour,elective,
source,required,
south,base,
southern,required,
souvenir,elective,
sow,elective,
space,base,
spacecraft,required,
spare,base,
speak,base,
speaker,required,
special,base,
specialist,elective,
species,elective,
specific,required,
speech,base,
speed,base,
spell,base,
spend,base,
spicy,required,
spirit,base,
splendid,elective,
split,required,
sponsor,elective,
spoon,base,
sport,base,
spot,elective,
spread,base,
spring,base,
spy,elective,
square,base,
stability,elective,
stadium,elective,
staff,base,
stage,base,
stair,required,
stamp,base,
stand,base,
standard,base,
star,base,
stare,elective,
start,base,
starve,elective,
state,base,
station,base,
statistic,elective,
statue,elective,
status,elective,
stay,base,
steady,required,
steak,elective,
steal,base,
steam,elective,
steel,elective,
step,base,
stick,base,
still,base,
stimulate,elective,
stomach,base,
stomachache,required,
stone,base,
stop,base,
store,base,
storm,base,
story,base,
straight,base,
straightforward,elective,
strait,elective,
strange,base,
stranger,required,
strategy,required,
strawberry,base,
stream,elective,
street,base,
strength,required,
strengthen,elective,
stress,base,
stretch,elective,
strict,base,
strike,elective,
string,elective,
strong,base,
structure,elective,
struggle,required,
student,base,
studio,required,
study,base,
stuff,base,
stupid,required,
style,base,
subject,base,
subjective,elective,
submit,elective,
subscribe,elective,
subsequent,elective,
substance,elective,
substantial,elective,
suburb,elective,
subway,required,
succeed,base,
success,base,
successful,required,
such,base,
sudden,base,
suffer,base,
sufficient,required,
sugar,base,
suggest,base,
suggestion,required,
suit,base,
suitable,elective,
sum,elective,
summary,required,
summer,base,
sun,base,
sunny,base,
super,required,
superb,elective,
superior,elective,
supermarket,base,
supplement,elective,
supply,required,
support,base,
suppose,base,
sure,base,
surf,base,
surface,base,
surgeon,elective,
surgery,elective,
surprise,base,
surround,required,
surrounding,elective,
survey,base,
survive,base,
suspect,elective,
suspend,elective,
sustain,elective,
sweat,required,
sweater,base,
sweep,base,
sweet,base,
swim,base,
swing,elective,
switch,elective,
symbol,base,
sympathy,elective,
symphony,elective,
symptom,elective,
system,required,
table,base,
tablet,elective,
tackle,elective,
tail,base,
tailor,elective,
take,base,
tale,elective,
talent,base,
talk,base,
tall,base,
tank,elective,
tap,base,
tape,base,
target,required,
task,base,
taste,base,
tax,elective,
taxi,base,
tea,base,
teach,base,
teacher,base,
team,base,
teamwork,base,
teapot,elective,
tear,required,
technique,required,
technology,base,
teenage,base,
teenager,required,
telephone,required,
telescope,elective,
tell,base,
temperature,base,
temple,elective,
temporary,elective,
tend,required,
tendency,elective,
tennis,base,
tension,elective,
tent,base,
term,base,
terrible,base,
territory,elective,
test,base,
text,base,
than,base,
thank,base,
that,base,
theatre,base,
(theater),base,
theft,elective,
their,base,
theirs,base,
them,base,
theme,required,
themselves,base,
then,base,
theory,elective,
there,base,
therefore,base,
these,base,
they,base,
thick,base,
thin,base,
thing,base,
think,base,
thinking,elective,
thirsty,base,
this,base,
thorough,elective,
those,base,
though,base,
thought,base,
threat,elective,
threaten,elective,
throat,base,
through,base,
throughout,required,
throw,base,
thunder,base,
thus,required,
ticket,base,
tidy,base,
tie,base,
tiger,base,
tight,elective,
time,base,
tiny,base,
tip,required,
tired,base,
tissue,required,
title,required,
toast,elective,
tobacco,elective,
today,base,
tofu,base,
(bean,base,
curd),base,
together,base,
toilet,base,
tolerate,elective,
tomato,base,
tomb,required,
tomorrow,base,
ton,base,
tone,elective,
tonight,base,
too,base,
tool,base,
tooth,base,
toothache,required,
top,base,
topic,required,
total,base,
touch,base,
tough,required,
tour,base,
tourist,base,
tournament,elective,
towards,base,
(toward),base,
towel,elective,
tower,base,
town,base,
toy,base,
track,required,
trade,base,
tradition,base,
traditional,required,
traffic,base,
train,base,
training,base,
transfer,required,
transform,elective,
transition,elective,
translate,base,
transport,required,
trap,elective,
travel,base,
treasure,base,
treat,base,
treatment,required,
tree,base,
trend,elective,
trial,elective,
trick,elective,
trip,base,
tropical,elective,
trouble,base,
trousers,base,
truck,base,
true,base,
trunk,elective,
trust,base,
truth,base,
try,base,
T-shirt,base,
tube,elective,
tune,elective,
tunnel,required,
turkey,required,
turn,base,
TV,base,
(=television),base,
twice,required,
twin,elective,
type,required,
typhoon,elective,
typical,required,
ugly,base,
ultimately,elective,
umbrella,base,
uncle,base,
under,base,
underground,base,
understand,base,
uniform,base,
union,required,
unique,required,
unit,base,
universe,base,
university,base,
unless,base,
until,base,
(till),base,
unusual,elective,
up,base,
update,required,
upon,base,
upper,required,
upset,elective,
urban,elective,
urge,elective,
urgent,elective,
us,base,
use,base,
used,required,
useful,required,
usual,base,
usually,required,
vacation,base,
valid,elective,
valley,elective,
valuable,required,
value,base,
variation,elective,
variety,required,
various,required,
vary,elective,
vase,elective,
vast,elective,
vegetable,base,
vehicle,required,
venue,elective,
version,elective,
very,base,
victim,elective,
victory,base,
video,base,
view,base,
village,base,
violence,elective,
violin,base,
virtual,elective,
virtue,elective,
virus,base,
visible,elective,
vision,elective,
visit,base,
visitor,required,
visual,elective,
vital,elective,
vivid,elective,
vocabulary,elective,
voice,base,
volcano,required,
volleyball,base,
volume,elective,
voluntary,base,
volunteer,base,
vote,base,
voyage,elective,
wage,elective,
waist,elective,
wait,base,
wake,base,
walk,base,
wall,base,
wallet,base,
wander,elective,
want,base,
war,base,
ward,elective,
warm,base,
warn,base,
warning,elective,
wash,base,
washroom,elective,
waste,base,
watch,base,
water,base,
watermelon,base,
wave,base,
way,base,
we,base,
weak,base,
wealth,base,
weapon,elective,
wear,base,
weather,base,
web,required,
website,base,
wedding,required,
weed,elective,
week,base,
weekday,base,
weekend,base,
weekly,elective,
weep,elective,
weigh,base,
weight,base,
welcome,base,
welfare,elective,
well,base,
west,base,
western,required,
wet,base,
wetland,required,
whale,base,
what,base,
whatever,base,
wheat,elective,
wheel,base,
when,base,
whenever,base,
where,base,
whether,base,
which,base,
while,base,
whisper,elective,
white,base,
who,base,
whole,base,
whom,base,
whose,base,
why,base,
wide,base,
widespread,elective,
wife,base,
Wi-Fi,required,
wild,base,
will,base,
win,base,
wind,base,
window,base,
windy,base,
wine,required,
wing,base,
winner,base,
winter,base,
wire,elective,
wisdom,elective,
wise,base,
wish,base,
with,base,
withdraw,elective,
within,base,
without,base,
witness,elective,
wolf,base,
woman,base,
wonder,base,
wonderful,base,
wood,base,
wool,elective,
word,base,
work,base,
worker,base,
world,base,
worry,base,
worse,base,
worst,base,
worth,base,
worthwhile,elective,
worthy,elective,
would,base,
wound,base,
wrap,elective,
wrestle,elective,
wrinkle,elective,
wrist,elective,
write,base,
writer,required,
wrong,base,
yard,base,
year,base,
yellow,base,
yes,base,
yesterday,base,
yet,base,
yield,elective,
yoghurt,base,
you,base,
young,base,
your,base,
yours,base,
yourself,base,
youth,base,
zero,base,
zone,elective,
zoo,base,
部分国家名称及相关信息（供教学参考）,base,
续表,base,
